<skin version="2.0" name="Six" author="LongTail Video">

	<components>
		<component name="controlbar">
			<settings>
				<setting name="margin" value="6" />
				<setting name="fontcase" value="normal" />
				<setting name="fontcolor" value="0xEEEEEE" />
				<setting name="fontsize" value="11" />
				<setting name="fontweight" value="bold" />
				<setting name="maxwidth" value="800" />
			</settings>

			<elements>
				<element name="background" src="background.png" />
				<element name="capLeft" src="capLeft.png" />
				<element name="capRight" src="capRight.png" />
				<element name="divider" src="divider.png" />

				<element name="playButton" src="playButton.png" />
				<element name="playButtonOver" src="playButtonOver.png" />
				<element name="pauseButton" src="pauseButton.png" />
				<element name="pauseButtonOver" src="pauseButtonOver.png" />
				<element name="prevButton" src="prevButton.png" />
				<element name="prevButtonOver" src="prevButtonOver.png" />
				<element name="nextButton" src="nextButton.png" />
				<element name="nextButtonOver" src="nextButtonOver.png" />

				<element name="elapsedBackground" src="divider.png" />
				<element name="timeSliderCapLeft" src="timeSliderCap.png" />
				<element name="timeSliderCapRight" src="timeSliderCap.png" />
				<element name="timeSliderRail" src="timeSliderRail.png" />
				<element name="timeSliderRailCapLeft" src="timeSliderRailCapLeft.png" />
				<element name="timeSliderRailCapRight" src="timeSliderRailCapRight.png" />
				<element name="timeSliderBuffer" src="timeSliderBuffer.png" />
				<element name="timeSliderBufferCapLeft" src="timeSliderBufferCapLeft.png" />
				<element name="timeSliderBufferCapRight" src="timeSliderBufferCapRight.png" />
				<element name="timeSliderProgress" src="timeSliderProgress.png" />
				<element name="timeSliderProgressCapLeft" src="timeSliderProgressCapLeft.png" />
				<element name="timeSliderProgressCapRight" src="timeSliderProgressCapRight.png" />
				<element name="timeSliderThumb" src="timeSliderThumb.png" />
				<element name="durationBackground" src="divider.png" />

				<element name="hdOffButton" src="hdOffButton.png" />
				<element name="hdOffButtonOver" src="hdButtonOver.png" />
				<element name="hdOnButton" src="hdOnButton.png" />
				<element name="hdOnButtonOver" src="hdButtonOver.png" />
				<element name="ccOffButton" src="ccOffButton.png" />
				<element name="ccOffButtonOver" src="ccButtonOver.png" />
				<element name="ccOnButton" src="ccOnButton.png" />
				<element name="ccOnButtonOver" src="ccButtonOver.png" />

				<element name="muteButton" src="muteButton.png" />
				<element name="muteButtonOver" src="muteButtonOver.png" />
				<element name="unmuteButton" src="unmuteButton.png" />
				<element name="unmuteButtonOver" src="unmuteButtonOver.png" />
				<element name="fullscreenButton" src="fullscreenButton.png" />
				<element name="fullscreenButtonOver" src="fullscreenButtonOver.png" />
				<element name="normalscreenButton" src="normalscreenButton.png" />
				<element name="normalscreenButtonOver" src="normalscreenButtonOver.png" />
			</elements>
		</component>

		<component name="display">
			<settings>
				<setting name="bufferinterval" value="100" />
				<setting name="bufferrotation" value="45" />
				<setting name="fontcase" value="normal" />
				<setting name="fontcolor" value="0xEEEEEE" />
				<setting name="overcolor" value="0xFFFFFF" />
				<setting name="fontsize" value="15" />
				<setting name="fontweight" value="normal" />
			</settings>

			<elements>
				<element name="background" src="background.png" />
				<element name="backgroundOver" src="backgroundOver.png" />
				<element name="capLeft" src="capLeft.png" />
				<element name="capLeftOver" src="capLeftOver.png" />
				<element name="capRight" src="capRight.png" />
				<element name="capRightOver" src="capRightOver.png" />

				<element name="bufferIcon" src="bufferIcon.png" />
				<element name="errorIcon" src="errorIcon.png" />
				<element name="playIcon" src="playIcon.png" />
				<element name="playIconOver" src="playIconOver.png" />
				<element name="replayIcon" src="replayIcon.png" />
				<element name="replayIconOver" src="replayIconOver.png" />
			</elements>
		</component>

		<component name="dock">
			<settings>
				<setting name="iconalpha" value="0.85" />
				<setting name="iconalphaactive" value="0.5" />
				<setting name="iconalphaover" value="1" />
				<setting name="margin" value="8" />
			</settings>

			<elements>
				<element name="button" src="button.png" />
				<element name="buttonOver" src="buttonOver.png" />
				<element name="buttonActive" src="buttonActive.png" />
				<element name="divider" src="divider.png" />
			</elements>
		</component>

		<component name="playlist">
			<settings>
				<setting name="activecolor" value="0xcccccc" />
				<setting name="backgroundcolor" value="0x000000" />
				<setting name="fontcolor" value="0xcccccc" />
				<!-- setting name="fontsize" value="13" / looks bad in v5 -->
				<setting name="fontweight" value="normal" />
				<setting name="overcolor" value="0xffffff" />

				<setting name="durationcolor" value="0xcccccc" />
				<setting name="durationactivecolor" value="0xcccccc" />
				<setting name="durationovercolor" value="0xffffff" />
				<setting name="durationsize" value="11" />
				<setting name="durationweight" value="bold" />

				<setting name="descriptioncolor" value="0x999999" />
				<setting name="descriptionactivecolor" value="0x999999" />
				<setting name="descriptionovercolor" value="0xcccccc" />
				<setting name="descriptionsize" value="11" />
				<setting name="descriptionweight" value="normal" />
			</settings>

			<elements>
				<element name="divider" src="divider.png" />
				<element name="item" src="item.png" />
				<element name="itemActive" src="itemActive.png" />
				<element name="itemImage" src="itemImage.png" />
				<element name="itemOver" src="item.png" />

				<element name="sliderCapBottom" src="sliderCap.png" />
				<element name="sliderCapTop" src="sliderCap.png" />
				<element name="sliderRail" src="sliderRail.png" />
				<element name="sliderRailCapBottom" src="sliderRailCapBottom.png" />
				<element name="sliderRailCapTop" src="sliderRailCapTop.png" />
				<element name="sliderThumb" src="sliderThumb.png" />
				<element name="sliderThumbCapBottom" src="sliderThumbCapBottom.png" />
				<element name="sliderThumbCapTop" src="sliderThumbCapTop.png" />
			</elements>
		</component>

	</components>

</skin>
